section,name
"See our top 3D Modeling Experts","Sayduck"
"See our top 3D Modeling Experts","CGTrader"
"See our top 3D Modeling Experts","Sketchfab"
"See our top Setup Experts","BravoSolo"
"See our top Setup Experts","Samurai Experts"
"See our top Setup Experts","Innovate Group"
"See our top Setup Experts","ING graphics"
"See our top Setup Experts","Braintly"
"See our top Setup Experts","Minion Made"
"See our top Setup Experts","Arctic Grey, Ltd."
"See our top Setup Experts","Triciclo"
"See our top Setup Experts","Webinopoly.com"
"See our top Setup Experts","Apolomultimedia.com"
"See our top Setup Experts","ShopaFree"
"See our top Setup Experts","Ben Zettler"
"See our top Designers","BravoSolo"
"See our top Designers","ING graphics"
"See our top Designers","Minion Made"
"See our top Designers","Arctic Grey, Ltd."
"See our top Designers","Webinopoly.com"
"See our top Designers","Apolomultimedia.com"
"See our top Designers","Kubix Media"
"See our top Designers","Pivofy Ecommerce Solutions"
"See our top Designers","Little Rocket"
"See our top Designers","Parkfield. Commerce"
"See our top Designers","Eastside Co"
"See our top Designers","Blue Horizons"
"See our top Developers","BravoSolo"
"See our top Developers","Minion Made"
"See our top Developers","Webinopoly.com"
"See our top Developers","Apolomultimedia.com"
"See our top Developers","Carson eCommerce"
"See our top Developers","Little Rocket"
"See our top Developers","Blackbelt Commerce"
"See our top Developers","Eastside Co"
"See our top Developers","Eshop Guide"
"See our top Developers","microapps"
"See our top Developers","By Association Only"
"See our top Developers","Gowebbaby"
"See our top Marketers","Minion Made"
"See our top Marketers","Arctic Grey, Ltd."
"See our top Marketers","Triciclo"
"See our top Marketers","Webinopoly.com"
"See our top Marketers","C2 Digital"
"See our top Marketers","Kubix Media"
"See our top Marketers","Rezolutions Design"
"See our top Marketers","Eastside Co"
"See our top Marketers","microapps"
"See our top Marketers","Rialto Partners"
"See our top Marketers","Ludovic Mariault"
"See our top Marketers","Blue Horizons"
"See our top Photographers","Arctic Grey, Ltd."
"See our top Photographers","Triciclo"
"See our top Photographers","Rialto Partners"
"See our top Photographers","Blue Horizons"
"See our top Photographers","REVO Designs"
"See our top Photographers","By Association Only"
"See our top Photographers","Pixel Supply"
"See our top Photographers","Mote"
"See our top Photographers","Aeolidia"
"See our top Photographers","Gilco Digital"
"See our top Photographers","Stem Commerce"
"See our top Photographers","Above Market"
